<application>
  <component name="ProjectManager">
    <defaultProject>
      <component name="Encoding" addBOMForNewFiles="with BOM under Windows, with no BOM otherwise" />
      <component name="PropertiesComponent"><![CDATA[{
  "keyToString": {
    "last_opened_file_path": "/home/ojii3/src/unity/UdpController"
  }
}]]></component>
      <component name="WindowStateProjectService">
        <state x="776" y="231" key="FileChooserDialogImpl" timestamp="1679976508198">
          <screen x="62" y="28" width="1858" height="1052" />
        </state>
        <state x="776" y="231" key="FileChooserDialogImpl/62.28.1858.1052" timestamp="1679976508198" />
        <state x="591" y="218" key="Rider.ProjectTemplateDialog.Size" timestamp="1679976471318">
          <screen x="62" y="28" width="1858" height="1052" />
        </state>
        <state x="591" y="218" key="Rider.ProjectTemplateDialog.Size/62.28.1858.1052" timestamp="1679976471318" />
      </component>
    </defaultProject>
  </component>
</application>